-- This file is to bootstrap a database for the CS3200 project. 

-- Create a new database.  You can change the name later.  You'll
-- need this name in the FLASK API file(s),  the AppSmith 
-- data source creation.
create database cool_db;

-- Via the Docker Compose file, a special user called webapp will 
-- be created in MySQL. We are going to grant that user 
-- all privilages to the new database we just created. 
-- TODO: If you changed the name of the database above, you need 
-- to change it here too.
grant all privileges on cool_db.* to 'webapp'@'%';
flush privileges;

-- Move into the database we just created.
-- TODO: If you changed the name of the database above, you need to
-- change it here too. 
use cool_db;

-- Put your DDL 
/* airport table */
CREATE TABLE IF NOT EXISTS airport(
airportID varchar(3) NOT NULL,
name varchar(50),
city varchar(50),
  state varchar(50),
  country varchar(50),
  PRIMARY KEY (airportID)
);


/* airline table */
CREATE TABLE IF NOT EXISTS airline (
  airlineID INT AUTO_INCREMENT NOT NULL,
  name VARCHAR(50) NOT NULL,
  phone VARCHAR(20),
  email VARCHAR(50),
  rating INT CHECK (rating >= 1 AND rating <= 5),
  PRIMARY KEY (airlineID)
);


/* airplane table */
CREATE TABLE IF NOT EXISTS airplane (
  airplaneID INT AUTO_INCREMENT NOT NULL,
  model VARCHAR(50),
  capacity INT,
  airlineID INT,
  PRIMARY KEY (airplaneID),
  FOREIGN KEY (airlineID) REFERENCES airline (airlineID) ON UPDATE CASCADE ON DELETE CASCADE
);



/* travel agency table */
CREATE TABLE IF NOT EXISTS travelAgency(
  agencyID INT AUTO_INCREMENT NOT NULL PRIMARY KEY,
  website VARCHAR(100) NOT NULL,
  name VARCHAR(100),
  phone VARCHAR(20),
  ceoName VARCHAR(50)
);




/* trip advisor table */
CREATE TABLE IF NOT EXISTS tripAdvisor
(
  employeeID INT AUTO_INCREMENT NOT NULL PRIMARY KEY,
  agencyID INT,
  firstName VARCHAR(50),
  lastName VARCHAR(50),
  salary INT,
  birthdate DATE,
  email VARCHAR(100),
  phone VARCHAR(20),
  language VARCHAR(50),
  supervisor_id INT,
  FOREIGN KEY (agencyID) REFERENCES travelAgency(agencyID) ON UPDATE CASCADE ON DELETE CASCADE,
  FOREIGN KEY (supervisor_id) REFERENCES tripAdvisor(employeeID) ON UPDATE CASCADE ON DELETE CASCADE
);




/* passenger table */
CREATE TABLE IF NOT EXISTS passenger
(
  passengerID INT AUTO_INCREMENT NOT NULL,
  fName varchar(50) NOT NULL,
  lName varchar(50) NOT NULL,
  phone INT,
  sex varchar(50),
  birthDate DATE,
  email varchar(50),
  street varchar(50),
  zipcode INT,
  state varchar(50),
  country varchar(50),
  tripadvisorID INT,
  PRIMARY KEY (passengerID),
  FOREIGN KEY (tripadvisorID) REFERENCES tripAdvisor(employeeID)
);


/* department table */
CREATE TABLE IF NOT EXISTS department
(
  departmentID INT AUTO_INCREMENT NOT NULL,
  departmentName varchar(50),
  airportID VARCHAR(3),
  PRIMARY KEY (departmentID),
  FOREIGN KEY (airportID) REFERENCES airport(airportID) ON UPDATE CASCADE ON DELETE CASCADE
);




/* lounge table */
CREATE TABLE IF NOT EXISTS lounge
(
  loungeID INT AUTO_INCREMENT NOT NULL,
  name varchar(50),
  airportID VARCHAR(3),
  PRIMARY KEY (loungeID),
  FOREIGN KEY (airportID) REFERENCES airport(airportID) ON UPDATE CASCADE ON DELETE CASCADE
);


/* terminal table */
CREATE TABLE IF NOT EXISTS terminal
(
  terminalID INT AUTO_INCREMENT NOT NULL,
  airportID VARCHAR(3),
  PRIMARY KEY (terminalID, airportID),
  FOREIGN KEY (airportID) REFERENCES airport(airportID)
);




/* gate table */
CREATE TABLE IF NOT EXISTS gate
(
  gateNumber INT NOT NULL,
  terminalID INT,
  PRIMARY KEY (gateNumber, terminalID),
  FOREIGN KEY (terminalID) REFERENCES terminal(terminalID) ON UPDATE CASCADE ON DELETE CASCADE
);


/* store table */
CREATE TABLE IF NOT EXISTS store
(
  storeID INT AUTO_INCREMENT NOT NULL,
  terminalID INT,
  name varchar(50),
  PRIMARY KEY (storeID),
  FOREIGN KEY (terminalID) REFERENCES terminal(terminalID)
);




/* airportEmployee table */
CREATE TABLE IF NOT EXISTS flight
(
    flightID INT AUTO_INCREMENT PRIMARY KEY ,
    seatsAvailable INT,
    airplaneID INT,
    airlineID INT,
    departureTime DATETIME,
    arrivalTime DATETIME,
    arrivalAirport VARCHAR(3),
    departureAirport VARCHAR(3),
    arrivalTerminal INT,
    departureTerminal INT,
    arrivalGate INT,
    departureGate INT,
    FOREIGN KEY (arrivalAirport) REFERENCES airport(airportID) ON UPDATE CASCADE ON DELETE CASCADE,
    FOREIGN KEY (departureAirport) REFERENCES airport(airportID) ON UPDATE CASCADE ON DELETE CASCADE,
    FOREIGN KEY (arrivalTerminal) REFERENCES terminal(terminalID) ON UPDATE CASCADE ON DELETE CASCADE,
    FOREIGN KEY (departureTerminal) REFERENCES terminal(terminalID) ON UPDATE CASCADE ON DELETE CASCADE,
    FOREIGN KEY (arrivalGate) REFERENCES gate(gateNumber) ON UPDATE CASCADE ON DELETE CASCADE,
    FOREIGN KEY (departureGate) REFERENCES gate(gateNumber) ON UPDATE CASCADE ON DELETE CASCADE,
    FOREIGN KEY (airplaneID) REFERENCES airplane(airplaneID) ON UPDATE CASCADE ON DELETE CASCADE,
    FOREIGN KEY (airlineID) REFERENCES airline(airlineID) ON UPDATE CASCADE ON DELETE CASCADE
);

/* flight table */
CREATE TABLE IF NOT EXISTS airportEmployee
(
  employeeID INT AUTO_INCREMENT NOT NULL,
  fName VARCHAR(50),
  lName VARCHAR(50),
  salary INT,
  title VARCHAR(50),
  sex VARCHAR(50),
  emailAddress VARCHAR(50),
  birthDate DATE,
  sup_id INT,
  departmentID INT,
  PRIMARY KEY (employeeID),
  FOREIGN KEY (departmentID) REFERENCES department(departmentID) ON UPDATE CASCADE ON DELETE CASCADE,
  FOREIGN KEY (sup_id) REFERENCES airportEmployee(employeeID) ON UPDATE CASCADE ON DELETE CASCADE
);


/* ticket table */
CREATE TABLE IF NOT EXISTS ticket
(
  ticketID INT AUTO_INCREMENT NOT NULL,
  flightID INT,
  seatNum VARCHAR(10),
  class VARCHAR(20),
  price DECIMAL(10, 2),
  boardingGroup CHAR(1),
  passengerID INT,
  PRIMARY KEY (ticketID),
  FOREIGN KEY (flightID) REFERENCES flight(flightID) ON UPDATE CASCADE ON DELETE CASCADE,
  FOREIGN KEY (passengerID) REFERENCES passenger(passengerID) ON UPDATE CASCADE ON DELETE CASCADE
);


/* baggage table */
CREATE TABLE IF NOT EXISTS baggage
(
  baggageID INT AUTO_INCREMENT,
  passengerID INT,
  ticketID INT,
  flightID INT,
  weight DECIMAL(6, 2),
  PRIMARY KEY (baggageID, ticketID, flightID),
  FOREIGN KEY (ticketID) REFERENCES ticket(ticketID) ON UPDATE CASCADE ON DELETE CASCADE,
  FOREIGN KEY (flightID) REFERENCES flight(flightID) ON UPDATE CASCADE ON DELETE CASCADE,
  FOREIGN KEY (passengerID) REFERENCES ticket(passengerID) ON UPDATE CASCADE ON DELETE CASCADE
);


/* airlineFlightEmployee */
CREATE TABLE IF NOT EXISTS airlineFlightEmployee (
  employeeID INT AUTO_INCREMENT NOT NULL,
  fName VARCHAR(50) NOT NULL,
  lName VARCHAR(50) NOT NULL,
  salary INT,
  title VARCHAR(50),
  sex VARCHAR(50),
  emailAddress VARCHAR(50),
  birthDate DATE,
  sup_id INT,
  airlineID INT,
  PRIMARY KEY (employeeID),
  FOREIGN KEY (airlineID) REFERENCES airline(airlineID) ON UPDATE CASCADE ON DELETE CASCADE,
  FOREIGN KEY (sup_id) REFERENCES airlineFlightEmployee(employeeID) ON UPDATE CASCADE ON DELETE CASCADE
);

CREATE TABLE IF NOT EXISTS crew (
  employeeID INT,
  flightID INT,
  PRIMARY KEY (employeeID, flightID),
  FOREIGN KEY (employeeID) REFERENCES airlineFlightEmployee(employeeID) ON UPDATE CASCADE ON DELETE CASCADE,
  FOREIGN KEY (flightID) REFERENCES flight(flightID) ON UPDATE CASCADE ON DELETE CASCADE
);

-- Sample data for airport table
INSERT INTO airport (airportID, name, city, state, country) VALUES
('KCZ', 'Kochi Airport (高知空港)', 'Asheville', 'NC', 'United States'),
('OAH', 'Shindand Airport', 'Norwalk', 'CT', 'United States'),
('DUN', 'Dundas Airport', 'Pittsburgh', 'PA', 'United States'),
('WMP', 'Mampikony Airport', 'Fort Worth', 'TX', 'United States'),
('NCS', 'Newcastle Airport', 'New York City', 'NY', 'United States'),
('SBF', 'Sardeh Band Airport', 'Norfolk', 'VA', 'United States'),
('HBT', 'Hambantota Seaplane Base', 'Springfield', 'MA', 'United States'),
('UBT', 'Ubatuba Airport', 'Denver', 'CO', 'United States'),
('SDG', 'Sanandaj Airport', 'Greensboro', 'NC', 'United States'),
('CDH', 'Harrell Field', 'Syracuse', 'NY', 'United States'),
('YYM', 'Cowley Airport', 'Baltimore', 'MD', 'United States'),
('ZBY', 'Sayaboury Airport', 'Midland', 'TX', 'United States'),
('KCD', 'Kamur Airport', 'Anaheim', 'CA', 'United States'),
('MNC', 'Nacala Airport', 'Tulsa', 'OK', 'United States'),
('UEO', 'Kumejima Airport', 'Memphis', 'TN', 'United States'),
('CFM', 'Conklin (Leismer) Airport', 'Scranton', 'PA', 'United States'),
('HTL', 'Roscommon County - Blodgett Memorial Airport', 'Washington', 'DC', 'United States'),
('YKZ', 'Buttonville Municipal Airport', 'Memphis', 'TN', 'United States'),
('SAN', 'San Diego International Airport', 'Idaho Falls', 'ID', 'United States'),
('AVA', 'Anshun Huangguoshu Airport', 'Lancaster', 'PA', 'United States'),
('VER', 'General Heriberto Jara International Airport', 'Nashville', 'TN', 'United States'),
('YQX', 'Gander International Airport', 'Arvada', 'CO', 'United States'),
('CSN', 'Carson Airport', 'North Las Vegas', 'NV', 'United States'),
('ZAC', 'York Landing Airport', 'Dallas', 'TX', 'United States'),
('SOJ', 'Sørkjosen Airport', 'San Bernardino', 'CA', 'United States'),
('IPE', 'Ipil Airport', 'Bonita Springs', 'FL', 'United States'),
('PLH', 'Plymouth City Airport', 'Myrtle Beach', 'SC', 'United States'),
('PSH', 'St. Peter-Ording Airport', 'Bakersfield', 'CA', 'United States'),
('TTR', 'Pongtiku Airport', 'Tacoma', 'WA', 'United States'),
('LSA', 'Losuia Airport', 'New Orleans', 'LA', 'United States'),
('TAC', 'Daniel Z. Romualdez Airport', 'Indianapolis', 'IN', 'United States'),
('SIB', 'Sibiti Airport', 'Los Angeles', 'CA', 'United States'),
('MNF', 'Mana Island Airport', 'Pittsburgh', 'PA', 'United States'),
('UBI', 'Buin Airport', 'Washington', 'DC', 'United States'),
('CRM', 'Catarman National Airport', 'Littleton', 'CO', 'United States'),
('YKT', 'Klemtu Water Aerodrome', 'Anchorage', 'AK', 'United States'),
('YAD', 'Moose Lake Airport', 'Little Rock', 'AR', 'United States'),
('CHV', 'Aerodromo de Chaves', 'Sacramento', 'CA', 'United States'),
('ILY', 'Islay Airport', 'Denton', 'TX', 'United States'),
('OCE', 'Ocean City Municipal Airport', 'Bismarck', 'ND', 'United States'),
('WKA', 'Wanaka Airport', 'Chattanooga', 'TN', 'United States'),
('PER', 'Perth International Airport', 'Miami', 'FL', 'United States'),
('COQ', 'Choibalsan Airport', 'Dallas', 'TX', 'United States'),
('JFK', 'Santa Maria da Vitória Airport', 'Bellevue', 'WA', 'United States'),
('MBL', 'Manistee Co Blacker Airport', 'Anderson', 'SC', 'United States'),
('CXR', 'Cam Ranh Airport', 'Cincinnati', 'OH', 'United States'),
('KCZ', 'Kōchi Ryōma Airport', 'Fort Lauderdale', 'FL', 'United States'),
('WJF', 'General WM J Fox Airfield', 'Huntsville', 'AL', 'United States'),
('TWP', 'Torwood Airport', 'San Diego', 'CA', 'United States'),
('RDB', 'Red Dog Airport', 'Detroit', 'MI', 'United States');


-- Sample data for department table
INSERT INTO department (departmentName, airportID) VALUES
('Product Management', 'HBK'),
('Human Resources', 'SFS'),
('Support', 'XTG'),
('Product Management', 'JVL'),
('Accounting', 'INE'),
('Accounting', 'KIV'),
('Research and Development', 'DCY'),
('Legal', 'BYS'),
('Engineering', 'JVL'),
('Training', 'MWP'),
('Accounting', 'OUT'),
('Product Management', 'LRU'),
('Engineering', 'MRS'),
('Marketing', 'CLE'),
('Human Resources', 'DCY'),
('Services', 'VUU'),
('Training', 'ULX'),
('Sales', 'PNY'),
('Engineering', 'XMA'),
('Services', 'KIV'),
('Services', 'BWQ'),
('Services', 'RKI'),
('Product Management', 'RKI'),
('Human Resources', 'VUU'),
('Business Development', 'YKX'),
('Product Management', 'CVO'),
('Human Resources', 'SFM'),
('Sales', 'MWP'),
('Support', 'ZAO'),
('Accounting', 'BWQ'),
('Marketing', 'CGE'),
('Product Management', 'TIB'),
('Support', 'SFS'),
('Human Resources', 'ZAO'),
('Legal', 'HBK'),
('Engineering', 'SFS'),
('Product Management', 'CVO'),
('Human Resources', 'SFM'),
('Engineering', 'YDQ'),
('Sales', 'CEQ'),
('Research and Development', 'KBH'),
('Human Resources', 'KMM'),
('Marketing', 'PEP'),
('Services', 'XTG'),
('Business Development', 'YKX'),
('Training', 'YRR'),
('Marketing', 'BYS'),
('Engineering', 'GBF'),
('Sales', 'CGE'),
('Services', 'SJS');


-- Sample data for lounge table
INSERT INTO lounge (name, airportID) VALUES
('Goodwin and Sons', 'YDQ'),
('Witting, Johnston and Langosh', 'WME'),
('Kassulke Inc', 'SVP'),
('Sauer Inc', 'JVL'),
('Stiedemann-Schuppe', 'YNT'),
('Hills Group', 'ZAO'),
('Cronin-Beahan', 'KMM'),
('Collins and Sons', 'UNG'),
('Rogahn-Schiller', 'GAB'),
('Steuber LLC', 'HRI'),
('Quitzon-Schowalter', 'SFM'),
('Leannon and Sons', 'HRI'),
('Parisian-Feeney', 'YPX'),
('Olson-Robel', 'TIB'),
('Terry-Hansen', 'GBF'),
('Rowe, Dibbert and Effertz', 'PWK'),
('Wiegand Group', 'CVO'),
('OKeefe, Hickle and Parisian', 'KMM'),
('Cartwright-Rutherford', 'SFM'),
('Block, Bogisich and Cummerata', 'YKX'),
('McDermott Group', 'PNY'),
('Stiedemann, Bednar and Jacobs', 'KMM'),
('Lueilwitz, Bayer and Hegmann', 'XTG'),
('Kunze, Bednar and Hauck', 'KMM'),
('Kemmer, Kirlin and Denesik', 'GBF'),
('Parker-Mraz', 'KMM'),
('Torp, Schmitt and Collier', 'SJS'),
('Nicolas Inc', 'LRU'),
('Ratke-Marvin', 'TIB'),
('McCullough, Dicki and Keeling', 'HRI'),
('Reichel Inc', 'SFM'),
('Gusikowski Inc', 'SVP'),
('Cruickshank, Bergstrom and Koelpin', 'PWK'),
('Prosacco, Hermiston and Schinner', 'MWP'),
('Kunze and Sons', 'DWN'),
('Feeney, Beier and Gutkowski', 'HRI'),
('Towne LLC', 'XTG'),
('Hyatt, Block and Schimmel', 'JVL'),
('Pouros, Braun and Fadel', 'YNT'),
('Kautzer-Gusikowski', 'SFS'),
('Sanford, Romaguera and Rolfson', 'ASG'),
('Hand, Corkery and Beahan', 'DWN'),
('Greenholt, Hoeger and Hammes', 'LCD'),
('Flatley, Boehm and Donnelly', 'BWQ'),
('Gerlach, Jaskolski and Russel', 'SFS'),
('Krajcik and Sons', 'DWN'),
('Bauch, Jakubowski and Barton', 'KIV'),
('Smith, Zulauf and Marvin', 'LRU'),
('Langworth LLC', 'UNG'),
('Murphy-Cummings', 'OUT');


-- Sample data for terminal table
INSERT INTO terminal (terminalID, airportID) VALUES
(1, 'CVO'),
(2, 'LCD'),
(3, 'OUT'),
(4, 'GAB'),
(5, 'YKX'),
(6, 'MRS'),
(7, 'YKX'),
(8, 'OUT'),
(9, 'YNT'),
(10, 'PEP'),
(11, 'SFS'),
(12, 'XMA'),
(13, 'CLE'),
(14, 'BYS'),
(15, 'KBH'),
(16, 'PNY'),
(17, 'VUU'),
(18, 'YPX'),
(19, 'PEP'),
(20, 'PEP'),
(21, 'YRR'),
(22, 'DWN'),
(23, 'DCY'),
(24, 'ULX'),
(25, 'ZAO'),
(26, 'OUT'),
(27, 'SVP'),
(28, 'YDQ'),
(29, 'XTG'),
(30, 'KAL'),
(31, 'VUU'),
(32, 'GLF'),
(33, 'BYS'),
(34, 'LCD'),
(35, 'SFM'),
(36, 'TIB'),
(37, 'ZAO'),
(38, 'PNY'),
(39, 'BYS'),
(40, 'ASG'),
(41, 'GBF'),
(42, 'XTG'),
(43, 'WME'),
(44, 'MWP'),
(45, 'CVO'),
(46, 'HBK'),
(47, 'CAP'),
(48, 'YDQ'),
(49, 'HBK'),
(50, 'INE');


-- Sample data for gate table
INSERT INTO gate (gateNumber, terminalID) VALUES
(71, 12),
(24, 5),
(61, 28),
(82, 1),
(99, 43),
(16, 28),
(25, 16),
(28, 37),
(37, 10),
(71, 46),
(5, 6),
(66, 49),
(63, 24),
(61, 7),
(85, 29),
(42, 50),
(81, 40),
(19, 10),
(57, 17),
(40, 19),
(65, 16),
(4, 27),
(53, 31),
(66, 2),
(92, 48),
(2, 10),
(71, 40),
(73, 7),
(92, 32),
(8, 31),
(81, 24),
(55, 31),
(74, 26),
(63, 8),
(29, 5),
(69, 8),
(25, 21),
(8, 28),
(55, 29),
(75, 46),
(36, 10),
(16, 41),
(21, 42),
(47, 33),
(92, 10),
(80, 35),
(17, 40),
(42, 33),
(56, 49),
(54, 34);


-- Sample data for store table
INSERT INTO store (terminalID, name) VALUES
(15, 'Abata'),
(3, 'Realpoint'),
(2, 'Centimia'),
(22, 'Quire'),
(46, 'Yambee'),
(10, 'Lazz'),
(12, 'Minyx'),
(18, 'Linktype'),
(4, 'Jetpulse'),
(3, 'Realblab'),
(45, 'Yata'),
(13, 'Npath'),
(48, 'Thoughtsphere'),
(47, 'Riffwire'),
(11, 'Photolist'),
(2, 'Devcast'),
(49, 'Flashdog'),
(12, 'Vimbo'),
(12, 'Thoughtblab'),
(31, 'Roodel'),
(6, 'Tazz'),
(49, 'Abatz'),
(34, 'Fadeo'),
(36, 'Blognation'),
(35, 'Realbuzz'),
(29, 'Babbleset'),
(23, 'Livetube'),
(46, 'Quatz'),
(2, 'Oba'),
(17, 'Twitterlist'),
(13, 'Oloo'),
(1, 'Fatz'),
(5, 'Wikizz'),
(22, 'Trudeo'),
(36, 'Meevee'),
(11, 'Flipstorm'),
(48, 'Aimbo'),
(34, 'Snaptags'),
(19, 'Brainverse'),
(14, 'Skinte'),
(17, 'Ainyx'),
(40, 'Devify'),
(50, 'Tagopia'),
(3, 'Wordware'),
(15, 'Cogidoo'),
(23, 'Twitterbridge'),
(18, 'Kaymbo'),
(3, 'Avaveo'),
(28, 'Jabberbean'),
(14, 'Geba');


-- Sample data for airportEmployee table
INSERT INTO airportEmployee (fName, lName, salary, title, sex, emailAddress, birthDate, sup_id, departmentID) VALUES
('Cos', 'Gayther', 75718.4, 'Chief Design Engineer', 'Male', 'cgayther0@imageshack.us', 45199, 90, 7),
('Aubrette', 'Witling', 162259.76, 'Assistant Media Planner', 'Female', 'awitling1@aboutads.info', 45123, 15, 36),
('Meir', 'Mabbe', 228928.33, 'Safety Technician II', 'Male', 'mmabbe2@tuttocitta.it', 44995, 26, 27),
('Concordia', 'Gages', 75133.06, 'Software Consultant', 'Female', 'cgages3@wikia.com', 45181, 57, 45),
('Dawna', 'Cromb', 52468.87, 'Structural Analysis Engineer', 'Female', 'dcromb4@ning.com', 45139, 26, 8),
('Carmina', 'Haresign', 71130.34, 'Assistant Media Planner', 'Female', 'charesign5@taobao.com', 45077, 95, 47),
('Stu', 'Bickford', 134431.38, 'Cost Accountant', 'Male', 'sbickford6@studiopress.com', 44912, 94, 10),
('Tabbatha', 'MacCrann', 90452.72, 'Cost Accountant', 'Female', 'tmaccrann7@mapy.cz', 45203, 65, 33),
('Abran', 'Worsall', 290966.08, 'Marketing Assistant', 'Male', 'aworsall8@blog.com', 45135, 66, 14),
('Tod', 'Camilleri', 87653.24, 'VP Product Management', 'Male', 'tcamilleri9@domainmarket.com', 45220, 59, 6),
('Reilly', 'Giovannelli', 82769.14, 'Computer Systems Analyst IV', 'Male', 'rgiovannellia@ihg.com', 44926, 51, 47),
('Beltran', 'Rands', 206589.31, 'Help Desk Operator', 'Male', 'brandsb@nationalgeographic.com', 45133, 88, 30),
('Lucius', 'Bradtke', 52545.24, 'Registered Nurse', 'Male', 'lbradtkec@last.fm', 45100, 91, 50),
('Letta', 'Long', 224139.45, 'Engineer II', 'Female', 'llongd@github.io', 45074, 100, 41),
('Ximenes', 'Bazell', 207815.28, 'Web Designer I', 'Male', 'xbazelle@dailymail.co.uk', 44936, 41, 43),
('Vail', 'Laban', 124776.85, 'Help Desk Technician', 'Male', 'vlabanf@de.vu', 44987, 82, 25),
('Langsdon', 'Vorley', 99571.36, 'Systems Administrator IV', 'Male', 'lvorleyg@indiatimes.com', 45225, 80, 42),
('Georgia', 'Painter', 227823.19, 'Director of Sales', 'Agender', 'gpainterh@nba.com', 45000, 72, 37),
('Coriss', 'Hosby', 120741.54, 'Help Desk Technician', 'Female', 'chosbyi@psu.edu', 45093, 7, 25),
('Brnaby', 'Middis', 244461.69, 'Teacher', 'Male', 'bmiddisj@google.nl', 45172, 22, 8),
('Lyle', 'Bulward', 128106.52, 'Compensation Analyst', 'Male', 'lbulwardk@mlb.com', 45009, 69, 37),
('Selene', 'Brecon', 262256.86, 'Editor', 'Female', 'sbreconl@networksolutions.com', 45067, 9, 7),
('Olenolin', 'Littleproud', 64103.02, 'Media Manager I', 'Male', 'olittleproudm@phoca.cz', 45008, 25, 5),
('Kearney', 'MacCurlye', 88909.22, 'Engineer IV', 'Male', 'kmaccurlyen@npr.org', 45248, 90, 38),
('Andra', 'McMillan', 88972.35, 'Business Systems Development Analyst', 'Female', 'amcmillano@washington.edu', 45192, 2, 48),
('Lenard', 'Meadus', 237937.43, 'General Manager', 'Male', 'lmeadusp@digg.com', 45130, 94, 7),
('Laurie', 'Bertie', 68870.95, 'Chemical Engineer', 'Female', 'lbertieq@springer.com', 45134, 72, 50),
('Warden', 'Headley', 86720.39, 'Environmental Tech', 'Male', 'wheadleyr@domainmarket.com', 44976, 23, 13),
('Dolly', 'Blanshard', 183219.24, 'Compensation Analyst', 'Female', 'dblanshards@ibm.com', 44969, 16, 39),
('Cullen', 'Schoolcroft', 139234.11, 'Statistician I', 'Male', 'cschoolcroftt@webmd.com', 45244, 81, 44),
('Donall', 'Townley', 201361.19, 'Help Desk Operator', 'Male', 'dtownleyu@foxnews.com', 45101, 53, 20),
('Tam', 'Soldner', 109060.4, 'Senior Quality Engineer', 'Male', 'tsoldnerv@facebook.com', 45135, 48, 18),
('Mignon', 'Dykes', 103156.93, 'Professor', 'Female', 'mdykesw@state.gov', 44978, 85, 3),
('Kellia', 'Gladstone', 57210.86, 'Sales Representative', 'Female', 'kgladstonex@apache.org', 45242, 81, 16),
('Rozanne', 'Canwell', 255345.02, 'Executive Secretary', 'Female', 'rcanwelly@unicef.org', 45219, 38, 31),
('Wilmette', 'McAreavey', 276096.59, 'Tax Accountant', 'Female', 'wmcareaveyz@surveymonkey.com', 45226, 29, 18),
('Nickolaus', 'Levitt', 148876.56, 'Automation Specialist I', 'Bigender', 'nlevitt10@auda.org.au', 45243, 78, 9),
('Christina', 'Schuh', 53118.49, 'Mechanical Systems Engineer', 'Female', 'cschuh11@pen.io', 45215, 100, 38),
('Keane', 'Bolf', 108923.82, 'Help Desk Technician', 'Male', 'kbolf12@youtu.be', 45144, 42, 17),
('Brig', 'Jobin', 157667.97, 'Senior Developer', 'Male', 'bjobin13@dailymail.co.uk', 45033, 12, 26),
('Shay', 'Demangel', 84146.77, 'Structural Engineer', 'Male', 'sdemangel14@ox.ac.uk', 45158, 93, 2),
('Greta', 'Copp', 208049.89, 'Engineer II', 'Female', 'gcopp15@facebook.com', 44978, 18, 2),
('Elihu', 'Marshalleck', 86432.64, 'Accountant I', 'Male', 'emarshalleck16@usatoday.com', 45226, 92, 42),
('Nero', 'Yven', 148727.56, 'Accounting Assistant I', 'Bigender', 'nyven17@netscape.com', 45074, 4, 46),
('Elsie', 'Bum', 271072.39, 'Accountant II', 'Female', 'ebum18@squidoo.com', 45146, 24, 34),
('Timothy', 'Bradtke', 268038.92, 'Nurse', 'Male', 'tbradtke19@github.io', 45099, 67, 17),
('Jacky', 'Chislett', 280575.36, 'Assistant Manager', 'Female', 'jchislett1a@mysql.com', 44955, 88, 49),
('Rahal', 'Slocomb', 184747.93, 'Geological Engineer', 'Female', 'rslocomb1b@dion.ne.jp', 45166, 40, 37),
('Ashla', 'Sweetsur', 251559.1, 'Senior Developer', 'Non-binary', 'asweetsur1c@hibu.com', 45044, 93, 2),
('Tuck', 'Konzel', 222466.46, 'Environmental Tech', 'Male', 'tkonzel1d@harvard.edu', 45069, 6, 43);


-- Sample data for airline table
INSERT INTO airline (name, phone, email, rating) VALUES
('Kautzer and Sons', '856-880-2093', 'abariball0@timesonline.co.uk', 6),
('Schiller, Cruickshank and Rodriguez', '829-685-0790', 'agyorffy1@archive.org', 3),
('Daugherty, Borer and Frami', '790-892-9045', 'etrodden2@apache.org', 9),
('Cormier-Upton', '807-763-3022', 'adunkerton3@earthlink.net', 2),
('Weimann and Sons', '973-784-7969', 'hturbard4@house.gov', 10),
('Spinka-Ratke', '931-281-4427', 'dloudyan5@weibo.com', 2),
('Morar-Flatley', '335-548-4028', 'gwebby6@webs.com', 2),
('Hyatt-Kulas', '493-584-1781', 'ccommuzzo7@dion.ne.jp', 10),
('Armstrong, Kub and Becker', '405-244-8567', 'lgarioch8@wordpress.com', 8),
('Ankunding-Leuschke', '137-686-7683', 'belcombe9@google.co.uk', 4),
('Dibbert, Wilderman and Zboncak', '190-113-0417', 'blesora@uiuc.edu', 6),
('Bauch-Feil', '254-531-8593', 'drowbottamb@bizjournals.com', 10),
('Reilly LLC', '968-542-2323', 'lgovinic@omniture.com', 2),
('Kozey, Gorczany and Stiedemann', '437-205-6953', 'aspellsworthd@japanpost.jp', 5),
('Kassulke-Baumbach', '896-960-4201', 'ddornine@si.edu', 10),
('Cremin, Kutch and Hickle', '945-892-9783', 'hpatricksonf@bbb.org', 9),
('Hoppe-Farrell', '199-733-4958', 'mdeguiseg@ibm.com', 10),
('Hamill, Kerluke and Borer', '464-632-0915', 'urowlandsh@ted.com', 6),
('Torp, Kautzer and Hilll', '110-521-6320', 'lfallowfieldi@mapquest.com', 3),
('Sawayn Group', '345-274-9015', 'malleburtonj@cbsnews.com', 4),
('Toy Inc', '904-311-0868', 'amarjotk@com.com', 5),
('Jerde, Gleichner and Gottlieb', '724-519-4218', 'hgollinl@sakura.ne.jp', 7),
('Runolfsson, Von and Sawayn', '810-457-0935', 'lwannesm@myspace.com', 3),
('Harber and Sons', '921-279-4671', 'kdayshn@mit.edu', 8),
('Rath and Sons', '962-302-2977', 'rmackonochieo@ed.gov', 3),
('Schneider, Kuphal and Gutmann', '211-735-5656', 'lliffep@sourceforge.net', 5),
('Littel-Hermann', '956-691-1408', 'rbrannonq@usa.gov', 1),
('Rodriguez-Schimmel', '849-395-2748', 'dwaistellr@usnews.com', 7),
('Auer, Kuvalis and Macejkovic', '786-806-9191', 'apriestnalls@census.gov', 8),
('Breitenberg Group', '920-144-6492', 'isalamont@wisc.edu', 2),
('West-Schmeler', '586-157-8944', 'lhandreku@behance.net', 5),
('Dibbert, Littel and Ruecker', '276-212-6665', 'rrudev@google.com.hk', 8),
('Pouros-Weissnat', '446-743-0004', 'dmcconigalw@imgur.com', 3),
('Kilback, Hyatt and MacGyver', '260-265-5911', 'rmacquakerx@1und1.de', 1),
('Reichert-Kihn', '524-411-4199', 'dlauy@china.com.cn', 4),
('Friesen-Weber', '559-529-9973', 'skavez@nymag.com', 10),
('Jaskolski-Walker', '561-240-9852', 'scussen10@dagondesign.com', 6),
('Hammes, Franecki and Vandervort', '640-327-7814', 'dtantrum11@sitemeter.com', 2),
('Franecki LLC', '548-250-1738', 'mtrewinnard12@weebly.com', 2),
('Blick Group', '600-190-5287', 'rharbin13@aboutads.info', 4),
('West, Medhurst and Pouros', '697-935-1366', 'nfehners14@webeden.co.uk', 9),
('Yost, OKon and Bogan', '534-395-1742', 'blowthian15@soup.io', 9),
('Jerde, Murphy and Wolf', '878-349-2161', 'nshah16@plala.or.jp', 2),
('Herman-Langworth', '652-394-4248', 'jclappson17@cbslocal.com', 2),
('Kihn Group', '298-913-8541', 'dwestcot18@virginia.edu', 4),
('Swaniawski and Sons', '598-966-6037', 'cambrosoli19@so-net.ne.jp', 9),
('Graham-Ondricka', '329-120-8706', 'amelloi1a@plala.or.jp', 8),
('Davis, Gutmann and McLaughlin', '600-453-2416', 'abuglar1b@ocn.ne.jp', 6),
('Weber, Hahn and Effertz', '937-914-1515', 'amcclurg1c@google.com', 3),
('Gusikowski-Erdman', '505-922-0339', 'njilkes1d@printfriendly.com', 1);


-- Sample data for airplane table
INSERT INTO airplane (model, capacity, airlineID) VALUES
('Capri', 143, 19),
('Protege', 105, 41),
('H3', 106, 41),
('Galant', 112, 45),
('XJ Series', 126, 25),
('Familia', 117, 22),
('Jetta', 149, 21),
('Villager', 145, 31),
('Sportvan G20', 141, 15),
('Q7', 103, 31),
('Defender 90', 124, 34),
('ES', 118, 36),
('Spectra', 134, 12),
('Bonneville', 106, 13),
('M', 117, 42),
('Rabbit', 134, 49),
('Tracer', 135, 49),
('Corvette', 106, 11),
('MX-5', 113, 15),
('2500 Club Coupe', 109, 46),
('Colt', 143, 11),
('Rodeo', 135, 12),
('Summit', 117, 25),
('Galant', 148, 43),
('626', 110, 41),
('200SX', 144, 19),
('Verano', 139, 40),
('GTI', 130, 7),
('Town Car', 120, 28),
('I', 104, 8),
('Corvette', 132, 34),
('Prius', 110, 10),
('Tracer', 133, 25),
('SLK-Class', 121, 32),
('Outlander Sport', 100, 44),
('F350', 130, 50),
('Vitara', 106, 43),
('F450', 103, 38),
('300SL', 108, 3),
('R-Class', 123, 45),
('Rodeo', 141, 45),
('GL-Class', 121, 19),
('Swift', 146, 48),
('Aurora', 103, 13),
('Q5', 120, 41),
('Accord', 129, 38),
('CR-V', 144, 3),
('Silhouette', 125, 25),
('LS', 123, 33),
('7 Series', 144, 11);


-- Sample data for flight table
INSERT INTO flight (flightID, seatsAvailable, airplaneID, airlineID,
                    departureTime, arrivalTime, arrivalAirport, departureAirport,
                    arrivalTerminal, departureTerminal, arrivalGate, departureGate) VALUES
(100, 44, 24, 41134, 45202, 'SJS', 'KBH', 26, 3, 92, 17),
(15, 40, 11, 43202, 44589, 'SJS', 'SUB', 3, 2, 80, 92),
(47, 23, 6, 37672, 39122, 'LRU', 'BYS', 21, 26, 80, 71),
(70, 26, 16, 39207, 42948, 'PWK', 'KIV', 39, 48, 71, 55),
(40, 48, 27, 38721, 43615, 'TIB', 'ASG', 15, 11, 8, 66),
(97, 20, 35, 44775, 41529, 'UNG', 'GLF', 37, 1, 92, 61),
(3, 14, 16, 41921, 38955, 'VUU', 'ODB', 8, 15, 80, 36),
(63, 41, 16, 42950, 39298, 'SJS', 'ULX', 43, 43, 82, 19),
(59, 44, 14, 39097, 44132, 'DWN', 'SJS', 44, 9, 57, 8),
(18, 11, 37, 41669, 40194, 'XMA', 'CAP', 12, 31, 54, 99),
(76, 20, 45, 43239, 39209, 'HBK', 'CGE', 9, 6, 54, 42),
(51, 17, 30, 43302, 42138, 'KMM', 'CEQ', 6, 2, 55, 16),
(70, 24, 26, 37705, 44376, 'CGE', 'SUB', 46, 16, 17, 65),
(70, 11, 30, 37091, 41350, 'CEQ', 'ODB', 9, 14, 92, 37),
(29, 31, 6, 37794, 43083, 'UNG', 'GAB', 13, 32, 55, 71),
(74, 31, 45, 38086, 42082, 'BWQ', 'YPX', 16, 33, 57, 2),
(83, 8, 12, 36947, 42929, 'JVL', 'KMM', 27, 34, 81, 5),
(17, 12, 42, 41107, 37880, 'DWN', 'MRS', 43, 17, 71, 74),
(72, 49, 33, 41436, 40134, 'OUT', 'SUB', 23, 50, 92, 57),
(93, 46, 29, 38985, 39808, 'YRR', 'OUT', 29, 1, 65, 19),
(54, 20, 23, 37095, 38747, 'VUU', 'DCY', 8, 11, 63, 40),
(93, 41, 4, 37576, 40716, 'PWK', 'YDQ', 42, 27, 47, 55),
(62, 3, 31, 42688, 39649, 'KAL', 'BYS', 39, 35, 69, 8),
(28, 7, 29, 39580, 39402, 'ASG', 'HRI', 13, 13, 66, 80),
(92, 4, 30, 44589, 41488, 'GLF', 'YRR', 48, 22, 74, 37),
(36, 13, 38, 38400, 41106, 'OUT', 'GAB', 18, 5, 65, 54),
(100, 24, 45, 39751, 45125, 'GAB', 'CEQ', 23, 41, 47, 21),
(58, 21, 37, 44348, 37271, 'UNG', 'PWK', 36, 29, 57, 21),
(63, 48, 1, 39685, 39127, 'BWQ', 'DCY', 33, 1, 36, 21),
(9, 22, 25, 38323, 41089, 'VUU', 'YNT', 48, 8, 85, 57),
(24, 17, 42, 37933, 41806, 'BYS', 'TIB', 12, 2, 82, 81),
(51, 24, 15, 38400, 39354, 'ASG', 'INE', 33, 8, 16, 8),
(6, 16, 28, 41730, 39399, 'YDQ', 'HRI', 8, 29, 25, 8),
(99, 20, 2, 40648, 39721, 'XMA', 'YDQ', 44, 49, 25, 92),
(79, 19, 35, 40672, 37232, 'ASG', 'DWN', 27, 31, 92, 40),
(77, 35, 32, 39557, 43505, 'YKX', 'SVP', 30, 1, 42, 69),
(96, 42, 15, 40914, 44851, 'SVP', 'BWQ', 22, 14, 17, 19),
(15, 4, 39, 38413, 41461, 'WME', 'KBH', 48, 46, 2, 66),
(69, 48, 17, 42938, 41828, 'LRU', 'YKX', 28, 11, 55, 5),
(65, 43, 32, 39091, 43261, 'BWQ', 'SVP', 50, 11, 25, 73),
(96, 37, 42, 36924, 40409, 'YNT', 'XQP', 39, 37, 36, 71),
(64, 25, 13, 43954, 41171, 'OUT', 'MWP', 40, 50, 55, 25),
(52, 22, 1, 43226, 41646, 'YPX', 'PEP', 32, 41, 54, 5),
(23, 1, 33, 39292, 43114, 'CGE', 'YPX', 49, 15, 53, 81),
(5, 47, 44, 44022, 39803, 'UNG', 'KAL', 2, 11, 36, 82),
(69, 21, 37, 44778, 45249, 'SVP', 'SJS', 12, 30, 61, 40),
(55, 47, 11, 42158, 40203, 'WME', 'SUB', 14, 3, 81, 71),
(21, 36, 22, 42672, 44889, 'KAL', 'YPX', 34, 8, 80, 28),
(73, 40, 29, 37006, 38836, 'KIV', 'GAB', 2, 42, 55, 4),
(94, 25, 14, 43932, 44664, 'INE', 'BYS', 28, 20, 65, 42);

-- Sample data for airlineflightEmployee table
INSERT INTO airlineFlightEmployee (fName, lName, salary, title, sex, emailAddress, birthDate, sup_id, airlineID) VALUES
('Delinda', 'Edling', 117634, 'Reservation Agent', 'F', 'dedling0@independent.co.uk', '1944-12-29', 7),
('Ban', 'Farge', 273949, 'Line Maintenance Technician', 'M', 'bfarge1@google.nl', '1926-06-03', 19),
('Gregor', 'Rodolico', 250520, 'Flight Attendant', 'M', 'grodolico2@nytimes.com', '1950-08-19', 21),
('Joanie', 'Whall', 202287, 'Communications Specialist', 'F', 'jwhall3@washingtonpost.com', '1950-12-20', 49),
('Drake', 'Kee', 126654, 'Crew Resource Planner', 'M', 'dkee4@indiatimes.com', '1947-11-29', 10),
('Randy', 'Crumby', 52385, 'Route Planner', 'F', 'rcrumby5@wp.com', '1925-02-11', 19),
('Gertrudis', 'Berthome', 248041, 'Airline Finance Analyst', 'F', 'gberthome6@examiner.com', '2019-06-17', 5),
('Kaia', 'Bampkin', 96093, 'First Officer', 'F', 'kbampkin7@rediff.com', '2015-08-07', 44),
('Desdemona', 'Coskerry', 203380, 'Crew Scheduler', 'F', 'dcoskerry8@thetimes.co.uk', '1960-02-11', 30),
('Janos', 'Ralestone', 67145, 'Air Traffic Controller', 'M', 'jralestone9@rediff.com', '1998-01-30', 13),
('Oona', 'Ardron', 85843, 'Crew Resource Planner', 'F', 'oardrona@dailymail.co.uk', '1995-12-20', 43),
('Rozele', 'Shallcrass', 152632, 'Crew Chief', 'F', 'rshallcrassb@vistaprint.com', '1954-11-04', 47),
('Whitby', 'Savell', 277712, 'Flight Operations Coordinator', 'M', 'wsavellc@woothemes.com', '1921-04-05', 5),
('Dot', 'Donke', 229279, 'Aircraft Interior Designer', 'F', 'ddonked@sohu.com', '1959-05-07', 40),
('Gavin', 'Rosita', 189714, 'Crew Resource Planner', 'M', 'grositae@economist.com', '2018-05-18', 30),
('Harv', 'Brettor', 255600, 'Aircraft Engineer', 'M', 'hbrettorf@w3.org', '1958-06-19', 8),
('Nikkie', 'Childerley', 107426, 'Aircraft Mechanic', 'F', 'nchilderleyg@liveinternet.ru', '2006-10-20', 39),
('Windy', 'Matterface', 238275, 'Airport Security Officer', 'F', 'wmatterfaceh@businesswire.com', '2019-05-01', 20),
('Barbara', 'Silver', 117035, 'Crew Chief', 'F', 'bsilveri@dot.gov', '1940-06-25', 41),
('Kingsley', 'Rawet', 111816, 'Passenger Experience Manager', 'M', 'krawetj@delicious.com', '1999-07-16', 4),
('Ceil', 'Norgan', 50860, 'Customer Service Representative', 'F', 'cnorgank@redcross.org', '2007-02-13', 37),
('Fraser', 'Yedy', 159366, 'Aircraft Maintenance Technician', 'M', 'fyedyl@hud.gov', '1982-10-16', 20),
('Gwen', 'McCalister', 87857, 'Flight Dispatcher', 'F', 'gmccalisterm@walmart.com', '2011-08-26', 20),
('Shayne', 'Pilpovic', 272264, 'Aircraft Cleaner', 'M', 'spilpovicn@constantcontact.com', '1967-12-01', 7),
('Morna', 'Chicken', 145230, 'Load Planner', 'F', 'mchickeno@typepad.com', '1959-07-24', 46),
('Deny', 'Losano', 202693, 'Crew Scheduler', 'F', 'dlosanop@ucsd.edu', '1963-03-14', 47),
('Leigh', 'Tanswill', 127322, 'Airport Security Officer', 'F', 'ltanswillq@disqus.com', '1974-01-19', 41),
('Quincy', 'Bradman', 267969, 'Customer Service Representative', 'M', 'qbradmanr@yahoo.co.jp', '1999-10-14', 46),
('Vikky', 'Hemphrey', 227340, 'Pilot', 'F', 'vhemphreys@mayoclinic.com', '1928-08-25', 21),
('Bride', 'Froude', 82788, 'Line Maintenance Technician', 'F', 'bfroudet@miitbeian.gov.cn', '1931-11-28', 9),
('Ellery', 'Glave', 69552, 'Aircraft Maintenance Technician', 'M', 'eglaveu@usatoday.com', '2001-01-15', 9),
('Jamil', 'Linnock', 61956, 'Line Maintenance Technician', 'M', 'jlinnockv@nbcnews.com', '1958-10-08', 48),
('Corissa', 'Sillis', 175654, 'Cabin Crew Manager', 'F', 'csillisw@earthlink.net', '2018-02-23', 37),
('Federico', 'Moakson', 250689, 'Airline Training Instructor', 'M', 'fmoaksonx@google.ru', '1950-08-27', 37),
('Sal', 'Allsupp', 139459, 'Airline Manager', 'M', 'sallsuppy@nba.com', '1946-10-11', 47),
('Reinwald', 'Killner', 234611, 'Dispatch Coordinator', 'M', 'rkillnerz@domainmarket.com', '1996-10-20', 42),
('Maddi', 'Partkya', 179479, 'Captain', 'F', 'mpartkya10@wix.com', '1984-06-03', 24),
('Coretta', 'Campion', 90344, 'Aircraft Cleaner', 'F', 'ccampion11@ftc.gov', '1949-07-05', 46),
('Suzi', 'Rowlstone', 268079, 'Airline Finance Analyst', 'F', 'srowlstone12@blogs.com', '1974-06-25', 22),
('Bern', 'Corryer', 90359, 'Aircraft Interior Designer', 'M', 'bcorryer13@deviantart.com', '2013-02-19', 22),
('Linnet', 'Prigg', 236200, 'Flight Operations Coordinator', 'F', 'lprigg14@arizona.edu', '1927-04-27', 24),
('Linnea', 'McVeighty', 103118, 'Reservation Agent', 'F', 'lmcveighty15@reference.com', '1923-05-25', 24),
('Gregory', 'Emer', 162998, 'Ticketing Agent', 'M', 'gemer16@cmu.edu', '1925-12-20', 14),
('Nikolai', 'Canton', 125656, 'Airline Marketing Specialist', 'M', 'ncanton17@ucla.edu', '2012-11-21', 1),
('Nicolais', 'Kett', 228545, 'Aircraft Interior Designer', 'M', 'nkett18@cpanel.net', '1962-02-28', 35),
('Jilleen', 'Natt', 246816, 'Airline Analyst', 'F', 'jnatt19@skyrock.com', '1995-05-03', 43),
('Mose', 'Cahen', 225381, 'Operations Manager', 'M', 'mcahen1a@abc.net.au', '2018-08-26', 45),
('Celinka', 'Rainey', 216345, 'Aircraft Engineer', 'F', 'crainey1b@bloglovin.com', '1968-02-04', 17),
('Barny', 'Hearnes', 276039, 'Pilot', 'M', 'bhearnes1c@people.com.cn', '2006-03-22', 15);

-- Sample data for travelAgency table
INSERT INTO travelAgency (website, name, phone, ceoName) VALUES
('yahoo.com', 'Ratke, Simonis and Hills', '978-476-7428', 'Lorne Macieiczyk'),
('google.de', 'Witting, Kutch and Kirlin', '529-937-8964', 'Kareem Font'),
('so-net.ne.jp', 'Erdman, Skiles and West', '259-738-7719', 'Ken Doswell'),
('reddit.com', 'Cronin, Altenwerth and Kohler', '617-390-4876', 'Elena Eliyahu'),
('odnoklassniki.ru', 'Ledner LLC', '730-645-1392', 'Solomon Olorenshaw'),
('histats.com', 'Conn-Watsica', '478-760-9127', 'Allie Volett'),
('fda.gov', 'Spencer LLC', '890-783-3791', 'Hymie Burgon'),
('istockphoto.com', 'Crist and Sons', '724-469-3150', 'Rafael Schindler'),
('youtube.com', 'Schulist-Hintz', '147-941-0720', 'Filide Speller'),
('bloglines.com', 'Casper LLC', '435-934-5315', 'Halsy Blakes'),
('wikia.com', 'Bernhard-OConner', '739-499-0118', 'Matty Hyndman'),
('ovh.net', 'Reichel LLC', '866-157-1237', 'Geno Duddy'),
('dell.com', 'Goldner LLC', '205-514-7647', 'Misti Blease'),
('patch.com', 'Emmerich and Sons', '779-311-1677', 'Emeline Broadberry'),
('unc.edu', 'Farrell, Leffler and Willms', '674-764-5311', 'Carlie Livezey'),
('eventbrite.com', 'Monahan-Skiles', '821-582-5003', 'Roger Pattenden'),
('icio.us', 'Strosin, Connelly and Luettgen', '553-861-9615', 'Felecia Poulsum'),
('squidoo.com', 'Hoppe, Ankunding and Grimes', '518-749-4670', 'Kristin McCuffie'),
('aol.com', 'Pfeffer and Sons', '342-124-1805', 'Lissa Dryden'),
('vimeo.com', 'Will Group', '680-427-0887', 'Carola Elman'),
('fastcompany.com', 'Metz Inc', '363-132-5557', 'Merrily Irce'),
('ask.com', 'Dickinson-Weber', '256-202-0553', 'Kathryne Kellick'),
('reddit.com', 'Mitchell, Shields and Vandervort', '559-714-6509', 'Ronnica Chatel'),
('ibm.com', 'Towne Group', '902-274-7988', 'Gerrie Brisbane'),
('ucoz.ru', 'Jacobson and Sons', '440-448-6565', 'Jenifer Creavan'),
('cafepress.com', 'Altenwerth and Sons', '680-163-1676', 'Marielle Catherine'),
('seattletimes.com', 'Weimann, Hartmann and Boyer', '410-153-1223', 'Leroy Brunicke'),
('youtube.com', 'Walter LLC', '222-791-2673', 'Linda Coldbath'),
('paypal.com', 'Schmidt-Macejkovic', '686-229-6936', 'Sashenka Eilers'),
('google.com.br', 'Thompson-Larson', '685-614-9425', 'Cris McLeod'),
('cnn.com', 'Thiel-Boyle', '200-509-2804', 'Leodora Lighton'),
('1und1.de', 'Blanda-Stracke', '877-385-7415', 'Sapphire Sailor'),
('thetimes.co.uk', 'Herzog-Koepp', '607-767-9988', 'Nate Kitchingman'),
('cbsnews.com', 'Torphy-Ledner', '175-101-6216', 'Lewiss Kears'),
('360.cn', 'Fahey-Luettgen', '886-251-8271', 'Bryanty Couttes'),
('weibo.com', 'Lueilwitz-Buckridge', '625-390-7911', 'Mead Lingwood'),
('wikipedia.org', 'Renner, Witting and Corkery', '110-392-1319', 'Zora Curl'),
('about.com', 'Predovic Inc', '908-631-8569', 'Farra Malek'),
('webeden.co.uk', 'Reilly Group', '588-713-8725', 'Rafi Cromb'),
('reference.com', 'Becker Group', '689-120-5215', 'Charlton Houlahan'),
('telegraph.co.uk', 'Kuphal LLC', '413-315-0621', 'Enrika Covotto'),
('webmd.com', 'Langosh, Homenick and Veum', '769-533-1931', 'Juana Inseal'),
('about.me', 'Swaniawski-Roob', '465-914-9656', 'Shelly Sampson'),
('dell.com', 'Cummerata and Sons', '327-399-3148', 'Rhiamon Iacobo'),
('npr.org', 'Gleason Inc', '127-108-3427', 'Georgy Stowell'),
('mashable.com', 'DuBuque, Mann and White', '772-274-7829', 'Susana Cristou'),
('yelp.com', 'Lemke-Hansen', '414-473-4536', 'Zsa zsa Freeberne'),
('netvibes.com', 'Lowe-Ziemann', '790-845-0006', 'Nerita Jacobi'),
('g.co', 'Greenholt-Emard', '995-887-1018', 'Brennan Moorfield'),
('tripod.com', 'Conn Inc', '831-119-9574', 'Kelsy Humphery');


-- Sample data for tripAdvisor table
INSERT INTO tripAdvisor (agencyID, firstName, lastName, salary, birthdate, email, phone, language, supervisor_id) VALUES
(50, 'Cort', 'Carnier', 299178.49, 15946, 'ccarnier0@miibeian.gov.cn', '152-406-7387', 'Dzongkha', 82),
(25, 'Gareth', 'Mathwin', 278294.16, 34530, 'gmathwin1@jalbum.net', '862-114-8582', 'Indonesian', 8),
(42, 'Dru', 'Rugiero', 83213.06, 18314, 'drugiero2@apache.org', '185-310-6280', 'Tsonga', 10),
(23, 'Shaun', 'Lawranson', 102156.3, 4735, 'slawranson3@comsenz.com', '637-296-3631', 'Tetum', 23),
(44, 'Florrie', 'Vaneev', 229959.94, 39682, 'fvaneev4@twitter.com', '777-623-8470', 'Belarusian', 59),
(2, 'Flint', 'Borland', 235327.83, 30501, 'fborland5@jiathis.com', '423-352-5478', 'Bislama', 33),
(19, 'Gerri', 'Tichner', 178742.52, 34832, 'gtichner6@pinterest.com', '801-933-5211', 'Tetum', 44),
(45, 'Harmonia', 'Fairburne', 214418.46, 42994, 'hfairburne7@weibo.com', '448-889-5866', 'Finnish', 81),
(19, 'Rodrique', 'Squier', 277673.58, 10731, 'rsquier8@dedecms.com', '188-832-3165', 'Moldovan', 54),
(8, 'Quinn', 'Huey', 89620.38, 40429, 'qhuey9@php.net', '645-272-8710', 'Finnish', 98),
(37, 'Patrica', 'Ranscomb', 129659.8, 19197, 'pranscomba@desdev.cn', '865-809-7262', 'Malagasy', 97),
(15, 'Carmela', 'Caso', 279435.65, 11410, 'ccasob@forbes.com', '983-180-8083', 'Catalan', 9),
(19, 'Nathan', 'Crab', 262894.4, 39970, 'ncrabc@barnesandnoble.com', '625-301-4450', 'Hungarian', 8),
(5, 'Florella', 'Burtwistle', 193724.33, 20301, 'fburtwistled@sbwire.com', '982-573-3972', 'Afrikaans', 93),
(11, 'Godiva', 'Boig', 241112.05, 14570, 'gboige@odnoklassniki.ru', '209-173-8382', 'English', 41),
(6, 'Odelinda', 'Wilflinger', 51393.38, 459, 'owilflingerf@geocities.jp', '310-386-5613', 'Kazakh', 57),
(1, 'Markus', 'Murton', 208954.88, 11230, 'mmurtong@umich.edu', '261-511-7584', 'Spanish', 39),
(42, 'Sherwood', 'Mellings', 237647.24, 10137, 'smellingsh@ezinearticles.com', '571-652-6691', 'Lao', 21),
(3, 'Theda', 'Siley', 254046.12, 37459, 'tsileyi@wired.com', '948-873-3919', 'Marathi', 99),
(42, 'Jennifer', 'Teresia', 198227.16, 7704, 'jteresiaj@tripadvisor.com', '546-581-2858', 'Marathi', 59),
(18, 'Kendall', 'Gepheart', 53475.3, 21312, 'kgepheartk@netvibes.com', '926-558-7864', 'Armenian', 37),
(3, 'Ezra', 'Souza', 296225.45, 31601, 'esouzal@boston.com', '647-757-9915', 'Bengali', 56),
(34, 'Anallise', 'Threadgould', 92203.93, 1176, 'athreadgouldm@youtu.be', '881-769-1640', 'Czech', 18),
(46, 'Galen', 'Clue', 205266.13, 8916, 'gcluen@unesco.org', '200-360-2030', 'Malay', 13),
(43, 'Milzie', 'MacGilrewy', 217667.95, 36408, 'mmacgilrewyo@indiegogo.com', '655-190-0486', 'Punjabi', 55),
(47, 'Nataline', 'Chalfont', 180240.18, 14147, 'nchalfontp@washingtonpost.com', '386-467-4780', 'Pashto', 100),
(3, 'Coop', 'Dewdney', 107575.62, 16656, 'cdewdneyq@alexa.com', '337-329-2904', 'Moldovan', 25),
(35, 'Gratia', 'De Vere', 199569.18, 6018, 'gdeverer@un.org', '150-356-5918', 'Sotho', 81),
(30, 'Calida', 'Steinson', 114853.02, 11500, 'csteinsons@mit.edu', '488-980-2361', 'Dzongkha', 57),
(23, 'Allison', 'Cowap', 163245.12, 42219, 'acowapt@samsung.com', '935-876-5940', 'Macedonian', 98),
(39, 'Liane', 'Climar', 283625, 43309, 'lclimaru@discovery.com', '321-934-1415', 'Sotho', 88),
(1, 'Mavis', 'Oleksinski', 161286.89, 22983, 'moleksinskiv@1688.com', '111-961-8931', 'Tetum', 80),
(26, 'Akim', 'Whates', 151742.74, 28460, 'awhatesw@dmoz.org', '199-984-8651', 'Spanish', 74),
(35, 'Vanni', 'Summerlie', 101215.8, 1015, 'vsummerliex@boston.com', '992-984-6648', 'Filipino', 56),
(13, 'Orsa', 'OCorrin', 103813.65, 30073, 'oocorriny@1und1.de', '562-406-0877', 'Swedish', 4),
(48, 'Hunfredo', 'Heaney`', 264906.37, 19835, 'hheaneyz@instagram.com', '448-898-2262', 'Bosnian', 30),
(14, 'Aldin', 'Ablewhite', 261304.17, 43199, 'aablewhite10@umn.edu', '809-415-7603', 'Mongolian', 79),
(43, 'Kevina', 'Attrey', 274914.2, 2543, 'kattrey11@nih.gov', '405-303-0492', 'Persian', 13),
(1, 'Doy', 'Crasford', 149436.87, 11043, 'dcrasford12@house.gov', '641-748-0475', 'Romanian', 42),
(35, 'Kerk', 'Aston', 139232.61, 33221, 'kaston13@princeton.edu', '600-974-7891', 'Northern Sotho', 40),
(31, 'Christoforo', 'Sommerland', 58346.12, 23435, 'csommerland14@cloudflare.com', '269-644-8966', 'Bulgarian', 46),
(5, 'Nanete', 'Studdeard', 79643.72, 35455, 'nstuddeard15@reverbnation.com', '768-492-6194', 'Filipino', 57),
(42, 'Tova', 'Noble', 159958.03, 37892, 'tnoble16@acquirethisname.com', '296-871-0433', 'Malayalam', 1),
(15, 'Briggs', 'Jaukovic', 143443.73, 34852, 'bjaukovic17@163.com', '278-464-1732', 'Japanese', 28),
(26, 'Moe', 'Arrol', 163500.5, 35384, 'marrol18@hatena.ne.jp', '538-253-7288', 'Bislama', 72),
(16, 'Iosep', 'Olivazzi', 156040.14, 42091, 'iolivazzi19@joomla.org', '728-940-8914', 'Persian', 76),
(7, 'Sally', 'Bearsmore', 168072.92, 23816, 'sbearsmore1a@tmall.com', '530-723-7152', 'Irish Gaelic', 44),
(14, 'Roxanne', 'Horsted', 75046.19, 18329, 'rhorsted1b@unc.edu', '172-561-5714', 'Tajik', 17),
(39, 'Clayton', 'Jelley', 201051.09, 23322, 'cjelley1c@eventbrite.com', '645-763-0698', 'New Zealand Sign Language', 25),
(6, 'Nichols', 'Malyon', 154291.33, 5086, 'nmalyon1d@arizona.edu', '521-332-0975', 'Ndebele', 87);


-- Sample data for passenger table
INSERT INTO passenger (fName, lName, phone, sex, birthDate, email, street, zipcode, state, country, tripAdvisorID) VALUES
('Brittney', 'Risman', 407-891-7945, 'Female', '2023-01-24', 'brisman0@unicef.org', '49 Hollow Ridge Street', 'FL', 'United States', 29),
('Audre', 'Morritt', 208-661-9106, 'Non-binary', '1932-07-07', 'amorritt1@microsoft.com', '245 Onsgard Drive', 'OR', 'United States', 31),
('Abramo', 'Matissoff', 515-109-6812, 'Male', '1930-05-08', 'amatissoff2@webs.com', '189 Goodland Terrace', 'IA', 'United States', 31),
('Kimberly', 'Moir', 561-721-5786, 'Female', '1922-04-03', 'kmoir3@xrea.com', '458 Stang Point', 'FL', 'United States', 44),
('Leshia', 'Sewards', 316-246-7887, 'Female', '1988-06-18', 'lsewards4@opera.com', '33831 Eastlawn Road', 'KS', 'United States', 36),
('Cara', 'Gorham', 936-277-6754, 'Female', '1931-02-18', 'cgorham5@tripadvisor.com', '5 Coolidge Circle', 'TX', 'United States', 12),
('Arte', 'Clymo', 859-284-6063, 'Male', '1960-05-02', 'aclymo6@nasa.gov', '190 New Castle Alley', 'KY', 'United States', 40),
('Nelie', 'Dunkerley', 773-876-1812, 'Female', '1974-04-29', 'ndunkerley7@omniture.com', '232 Ludington Street', 'IL', 'United States', 2),
('Rosetta', 'Nurse', 585-890-2946, 'Female', '1996-03-16', 'rnurse8@unicef.org', '3 Village Green Circle', 'NY', 'United States', 4),
('Dorie', 'Purcell', 949-783-4830, 'Male', '1935-04-24', 'dpurcell9@microsoft.com', '67 Menomonie Parkway', 'CA', 'United States', 45),
('Cecile', 'Nisby', 202-951-4159, 'Female', '1983-04-03', 'cnisbya@squidoo.com', '2928 Hoard Drive', 'DC', 'United States', 28),
('Nathanial', 'Haffard', 608-247-8497, 'Male', '1966-12-04', 'nhaffardb@ihg.com', '536 Thackeray Crossing', 'WI', 'United States', 25),
('Clevie', 'Rosina', 312-667-5723, 'Male', '1937-06-19', 'crosinac@linkedin.com', '0324 Sullivan Parkway', 'IL', 'United States', 27),
('Gard', 'Sarton', 573-533-5924, 'Male', '2018-07-03', 'gsartond@dedecms.com', '106 Coolidge Center', 'MO', 'United States', 22),
('Teodora', 'Farrington', 808-676-7773, 'Female', '2005-02-19', 'tfarringtone@nymag.com', '69 Morning Road', 'HI', 'United States', 46),
('Gauthier', 'Grazier', 808-583-4374, 'Male', '2021-12-05', 'ggrazierf@naver.com', '83058 Talisman Parkway', 'HI', 'United States', 11),
('Bari', 'Chrystie', 843-481-8209, 'Female', '1948-03-17', 'bchrystieg@cpanel.net', '20795 Sommers Park', 'SC', 'United States', 8),
('Emlynne', 'Smiley', 213-324-8547, 'Agender', '1975-12-26', 'esmileyh@shop-pro.jp', '6377 Arizona Court', 'CA', 'United States', 47),
('Nora', 'Lumsdon', 928-450-5075, 'Female', '1984-03-21', 'nlumsdoni@slate.com', '4568 Kipling Circle', 'AZ', 'United States', 34),
('Shelley', 'Mearing', 513-288-5269, 'Female', '1990-06-05', 'smearingj@chicagotribune.com', '291 Hovde Avenue', 'OH', 'United States', 37),
('Filberto', 'Sellars', 786-630-2052, 'Male', '2003-08-26', 'fsellarsk@wisc.edu', '252 Badeau Avenue', 'FL', 'United States', 35),
('Maddy', 'Ginnell', 571-334-7694, 'Female', '1954-01-23', 'mginnelll@livejournal.com', '01906 Blaine Lane', 'VA', 'United States', 29),
('Loren', 'Marklow', 607-683-0890, 'Male', '1974-10-30', 'lmarklowm@mapquest.com', '1 Green Terrace', 'NY', 'United States', 23),
('Melisse', 'Gotcliffe', 956-754-3945, 'Female', '2003-12-16', 'mgotcliffen@t-online.de', '8 Mitchell Road', 'TX', 'United States', 25),
('Kylen', 'Walles', 661-878-3776, 'Female', '1940-06-06', 'kwalleso@github.io', '732 Glacier Hill Terrace', 'CA', 'United States', 36),
('Maryann', 'Paskerful', 303-945-9912, 'Female', '1983-02-14', 'mpaskerfulp@apple.com', '5059 Manley Place', 'CO', 'United States', 22),
('Melinde', 'Bradnocke', 954-580-8418, 'Non-binary', '1940-10-25', 'mbradnockeq@toplist.cz', '8 Hollow Ridge Drive', 'FL', 'United States', 21),
('Corabel', 'Lachaize', 317-462-7886, 'Female', '1925-02-28', 'clachaizer@opensource.org', '43 Dawn Court', 'IN', 'United States', 35),
('Irwinn', 'Chalcraft', 773-618-2752, 'Bigender', '1997-08-21', 'ichalcrafts@digg.com', '3 Hoard Road', 'IL', 'United States', 5),
('Letti', 'Stevens', 202-441-8043, 'Female', '1978-01-20', 'lstevenst@arstechnica.com', '19 Northridge Avenue', 'DC', 'United States', 24),
('Tonya', 'Gavaghan', 202-414-6889, 'Female', '1939-09-30', 'tgavaghanu@ucla.edu', '57138 Tony Crossing', 'DC', 'United States', 35),
('Bernadette', 'Lowen', 321-848-7511, 'Female', '1985-10-22', 'blowenv@bravesites.com', '6612 Village Green Drive', 'FL', 'United States', 3),
('Mauricio', 'Doud', 408-800-9693, 'Male', '2011-04-14', 'mdoudw@163.com', '8796 Memorial Pass', 'CA', 'United States', 3),
('Ransom', 'Eisold', 847-603-9926, 'Male', '1972-09-25', 'reisoldx@msn.com', '1770 Northland Point', 'IL', 'United States', 45),
('Hilary', 'Digle', 714-424-4188, 'Female', '1966-08-07', 'hdigley@drupal.org', '9 Butternut Hill', 'CA', 'United States', 2),
('Billie', 'Jeves', 785-700-6022, 'Female', '1916-01-13', 'bjevesz@craigslist.org', '33 Claremont Point', 'KS', 'United States', 20),
('Maurise', 'Snazel', 812-650-8985, 'Male', '1996-04-02', 'msnazel10@disqus.com', '7390 Veith Drive', 'IN', 'United States', 28),
('Wallie', 'Baterip', 203-508-7908, 'Male', '1912-10-03', 'wbaterip11@vk.com', '7266 Rusk Crossing', 'CT', 'United States', 31),
('Kenyon', 'Waskett', 432-845-5358, 'Male', '1974-11-27', 'kwaskett12@economist.com', '64755 Grim Road', 'TX', 'United States', 15),
('Luelle', 'Wheble', 970-515-8616, 'Female', '1949-11-10', 'lwheble13@google.fr', '2 Graedel Junction', 'CO', 'United States', 36),
('Marillin', 'Kampshell', 214-200-1281, 'Female', '1946-10-08', 'mkampshell14@com.com', '812 Lyons Trail', 'TX', 'United States', 27),
('Linet', 'Hinz', 323-791-6871, 'Female', '1963-01-07', 'lhinz15@slate.com', '419 Troy Plaza', 'CA', 'United States', 18),
('Westley', 'Arlet', 651-456-1611, 'Male', '1908-08-07', 'warlet16@elpais.com', '9 Packers Circle', 'MN', 'United States', 5),
('Dynah', 'Kloser', 754-140-5929, 'Female', '1938-07-15', 'dkloser17@answers.com', '17 Southridge Place', 'FL', 'United States', 7),
('Hermon', 'McGuiness', 214-390-4762, 'Male', '1929-09-16', 'hmcguiness18@sina.com.cn', '8 Moose Circle', 'TX', 'United States', 38),
('Jarred', 'Stump', 202-421-6810, 'Male', '1948-06-11', 'jstump19@about.com', '0792 Drewry Drive', 'DC', 'United States', 48),
('Coop', 'McColl', 260-870-9441, 'Male', '1983-02-06', 'cmccoll1a@theatlantic.com', '02 Redwing Drive', 'IN', 'United States', 13),
('Shanta', 'Testin', 719-322-7052, 'Female', '2009-07-29', 'stestin1b@ameblo.jp', '301 Glendale Drive', 'CO', 'United States', 24),
('Kerr', 'Kerford', 361-173-8361, 'Male', '1993-02-16', 'kkerford1c@blog.com', '3 Kenwood Terrace', 'TX', 'United States', 9),
('Alvina', 'Nickols', 203-163-3360, 'Female', '1916-09-26', 'anickols1d@slate.com', '6 Declaration Road', 'CT', 'United States', 21);


-- Sample data for ticket table
INSERT INTO ticket (ticketID, flightID, seatNum, class, price, boardingGroup, passengerID) VALUES
(1, 45, 1, 'Economy', 14607.78, 1, 19),
(2, 31, 2, 'Business', 7724.65, 2, 41),
(3, 8, 3, 'First', 3040.09, 3, 1),
(4, 32, 4, 'Economy', 16568.27, 4, 33),
(5, 23, 5, 'First', 15238.15, 5, 1),
(6, 31, 6, 'First', 2426.7, 6, 27),
(7, 4, 7, 'Business', 2003.62, 7, 46),
(8, 25, 8, 'First', 1666.67, 8, 11),
(9, 10, 9, 'Business', 3687.67, 9, 8),
(10, 33, 10, 'Economy', 17656.1, 10, 29),
(11, 49, 11, 'First', 6169.17, 11, 40),
(12, 35, 12, 'First', 8483.13, 12, 24),
(13, 21, 13, 'Economy', 2326.08, 13, 32),
(14, 23, 14, 'First', 6519.2, 14, 26),
(15, 11, 15, 'Business', 18827.37, 15, 10),
(16, 36, 16, 'Economy', 8107.58, 16, 35),
(17, 18, 17, 'Economy', 4677.8, 17, 9),
(18, 38, 18, 'First', 13987.88, 18, 44),
(19, 44, 19, 'Business', 8398.52, 19, 50),
(20, 34, 20, 'First', 18967.79, 20, 39),
(21, 9, 21, 'Business', 17727.5, 21, 30),
(22, 7, 22, 'Business', 3096.78, 22, 49),
(23, 38, 23, 'First', 15633.69, 23, 14),
(24, 46, 24, 'First', 1870.34, 24, 13),
(25, 40, 25, 'First', 10916.22, 25, 35),
(26, 16, 26, 'Economy', 12605.16, 26, 25),
(27, 29, 27, 'First', 18325.82, 27, 38),
(28, 37, 28, 'Economy', 18349.86, 28, 39),
(29, 7, 29, 'Business', 14836.41, 29, 21),
(30, 33, 30, 'First', 19289.31, 30, 20),
(31, 50, 31, 'First', 15651.52, 31, 31),
(32, 18, 32, 'First', 9457.43, 32, 26),
(33, 21, 33, 'First', 1449.65, 33, 8),
(34, 7, 34, 'Business', 5861.06, 34, 49),
(35, 37, 35, 'First', 4443.7, 35, 15),
(36, 33, 36, 'Business', 167.83, 36, 22),
(37, 42, 37, 'Business', 116.41, 37, 26),
(38, 7, 38, 'First', 19638.21, 38, 9),
(39, 1, 39, 'Business', 5106.21, 39, 37),
(40, 30, 40, 'First', 12365.2, 40, 14),
(41, 8, 41, 'Business', 5824.82, 41, 38),
(42, 40, 42, 'Economy', 3281.61, 42, 40),
(43, 25, 43, 'Business', 16153.74, 43, 23),
(44, 21, 44, 'Business', 12562.58, 44, 21),
(45, 3, 45, 'First', 4285.88, 45, 49),
(46, 32, 46, 'First', 9263.02, 46, 16),
(47, 3, 47, 'Business', 3079.2, 47, 2),
(48, 18, 48, 'First', 19936.62, 48, 38),
(49, 24, 49, 'First', 15311.69, 49, 7),
(50, 48, 50, 'Economy', 15042.27, 50, 23);


-- Sample data for baggage table
INSERT INTO baggage (baggageID, passengerID, ticketID, flightID, weight) VALUES
(1, 50, 50, 49, 8),
(2, 31, 14, 17, 55),
(3, 45, 13, 33, 52),
(4, 2, 6, 49, 64),
(5, 37, 4, 15, 54),
(6, 44, 3, 40, 111),
(7, 43, 38, 48, 56),
(8, 41, 33, 24, 36),
(9, 37, 36, 16, 46),
(10, 23, 6, 9, 86),
(11, 14, 39, 15, 53),
(12, 32, 15, 15, 49),
(13, 46, 3, 13, 111),
(14, 47, 29, 46, 106),
(15, 3, 23, 2, 107),
(16, 21, 24, 15, 24),
(17, 5, 46, 23, 66),
(18, 11, 22, 30, 120),
(19, 22, 17, 28, 76),
(20, 38, 41, 41, 5),
(21, 18, 8, 13, 89),
(22, 32, 38, 40, 63),
(23, 19, 42, 26, 16),
(24, 23, 28, 48, 53),
(25, 40, 10, 4, 16),
(26, 9, 46, 14, 79),
(27, 3, 4, 14, 80),
(28, 3, 7, 46, 96),
(29, 24, 28, 47, 114),
(30, 35, 14, 31, 92),
(31, 35, 12, 39, 40),
(32, 19, 3, 45, 79),
(33, 10, 29, 37, 52),
(34, 43, 38, 46, 79),
(35, 32, 27, 46, 10),
(36, 30, 45, 16, 44),
(37, 27, 49, 39, 29),
(38, 31, 33, 5, 96),
(39, 7, 47, 30, 51),
(40, 18, 32, 47, 14),
(41, 10, 14, 9, 25),
(42, 31, 44, 19, 34),
(43, 45, 49, 11, 30),
(44, 24, 20, 12, 109),
(45, 45, 47, 39, 33),
(46, 6, 36, 6, 62),
(47, 27, 17, 13, 32),
(48, 10, 48, 13, 34),
(49, 22, 16, 30, 36),
(50, 1, 24, 50, 22);

-- Sample data for crew table
INSERT INTO crew (employeeID, flightID) VALUES
('2', '17'),
('40', '20'),
('25', '22'),
('18', '32'),
('25', '29'),
('19', '11'),
('28', '31'),
('13', '11'),
('5', '20'),
('2', '46'),
('39', '41'),
('40', '33'),
('27', '30'),
('43', '25'),
('4', '17'),
('25', '20'),
('13', '13'),
('44', '37'),
('1', '31'),
('12', '13'),
('30', '2'),
('38', '30'),
('46', '44'),
('49', '2'),
('24', '35'),
('18', '34'),
('24', '5'),
('27', '18'),
('33', '14'),
('47', '41'),
('11', '11'),
('43', '11'),
('33', '31'),
('33', '46'),
('7', '37'),
('50', '41'),
('17', '27'),
('9', '7'),
('39', '14'),
('21', '14'),
('16', '36'),
('25', '42'),
('44', '15'),
('11', '47'),
('45', '18'),
('42', '8'),
('45', '2'),
('22', '44'),
('16', '12'),
('9', '39'),
('26', '25'),
('11', '13'),
('43', '6'),
('49', '20'),
('37', '34'),
('34', '18'),
('18', '15'),
('49', '26'),
('5', '7'),
('31', '40'),
('24', '20'),
('10', '1'),
('44', '10'),
('44', '19'),
('36', '8'),
('38', '7'),
('49', '45'),
('16', '40'),
('9', '20'),
('8', '40'),
('23', '23'),
('13', '42'),
('40', '1'),
('29', '25'),
('27', '11'),
('26', '12'),
('4', '6'),
('16', '13'),
('48', '34'),
('45', '8'),
('38', '13'),
('46', '32'),
('4', '19'),
('14', '2'),
('12', '42'),
('6', '50'),
('44', '33'),
('16', '5'),
('43', '7'),
('49', '7'),
('34', '43'),
('26', '30'),
('29', '16'),
('31', '49'),
('44', '38'),
('6', '5'),
('19', '26'),
('39', '18'),
('25', '10'),
('27', '17'),
('13', '50'),
('9', '40'),
('16', '11'),
('6', '45'),
('8', '7'),
('39', '48'),
('8', '22'),
('28', '36'),
('26', '7'),
('7', '2'),
('39', '5'),
('8', '11'),
('37', '27'),
('43', '35'),
('46', '17'),
('38', '32'),
('42', '44'),
('18', '6'),
('20', '50'),
('24', '22'),
('15', '4'),
('14', '2'),
('11', '8'),
('35', '12'),
('35', '6'),
('13', '8'),
('18', '39'),
('13', '43'),
('5', '37'),
('8', '15'),
('47', '13'),
('29', '6'),
('28', '3'),
('15', '41'),
('20', '34'),
('4', '32'),
('36', '43'),
('20', '19'),
('33', '10'),
('48', '6'),
('8', '18'),
('39', '6'),
('38', '46'),
('50', '47'),
('7', '42'),
('15', '45'),
('10', '35'),
('20', '19'),
('25', '44'),
('1', '25'),
('23', '7'),
('24', '24'),
('14', '4'),
('27', '29'),
('19', '35'),
('1', '12'),
('24', '44'),
('33', '11'),
('26', '3'),
('6', '46'),
('43', '16'),
('20', '43'),
('41', '12'),
('39', '44'),
('21', '8'),
('48', '30'),
('32', '25'),
('4', '27'),
('8', '24'),
('8', '6'),
('50', '43'),
('24', '27'),
('26', '27'),
('14', '35'),
('10', '3'),
('6', '18'),
('25', '3'),
('26', '12'),
('31', '43'),
('18', '28'),
('20', '15'),
('29', '28'),
('31', '8'),
('11', '38'),
('35', '44'),
('43', '44'),
('48', '40'),
('41', '37'),
('6', '21'),
('33', '29'),
('25', '7'),
('34', '50'),
('18', '9'),
('28', '50'),
('35', '44'),
('2', '32'),
('9', '40'),
('41', '12'),
('28', '45'),
('30', '34');